file,N,loadtype_code,loadtype,g_val,k_val,n_points,span,depth,shallow_flag,best_fit,decisive,catenary_r2,catenary_aic,catenary_bic,parabolic_r2,parabolic_aic,parabolic_bic,elliptical_r2,elliptical_aic,elliptical_bic
arch_run12_0_g-0.1_k10.0.csv,12,0,uniform,-0.1,10,13,9.9999,1.9743,FALSE,elliptical,TRUE,1,-178.342,-176.647,0.99987,-119.844,-118.149,1,-219.767,-217.507
arch_run12_0_g-0.1_k25.0.csv,12,0,uniform,-0.1,25,13,9.9998,1.4265,TRUE,elliptical,TRUE,1,-217.562,-215.867,0.99996,-142.631,-140.936,1,-259.067,-256.808
arch_run12_0_g-0.1_k50.0.csv,12,0,uniform,-0.1,50,13,9.9997,1.1231,TRUE,elliptical,TRUE,1,-247.279,-245.584,0.99998,-160.154,-158.459,1,-289.036,-286.776
arch_run12_0_g-0.3_k10.0.csv,12,0,uniform,-0.3,10,13,9.9997,2.993,FALSE,elliptical,TRUE,0.99998,-131.664,-129.969,0.99955,-93.326,-91.631,1,-173.257,-170.997
arch_run12_0_g-0.3_k25.0.csv,12,0,uniform,-0.3,25,13,9.9996,2.1102,FALSE,elliptical,TRUE,1,-170.558,-168.863,0.99983,-115.369,-113.675,1,-211.973,-209.713
arch_run12_0_g-0.3_k50.0.csv,12,0,uniform,-0.3,50,13,9.9995,1.6448,FALSE,elliptical,TRUE,1,-200.136,-198.441,0.99993,-132.474,-130.779,1,-241.645,-239.385
arch_run12_0_g-0.5_k10.0.csv,12,0,uniform,-0.5,10,13,9.9996,3.6981,FALSE,elliptical,TRUE,0.99992,-110.107,-108.413,0.99926,-81.363,-79.669,1,-152.139,-149.88
arch_run12_0_g-0.5_k25.0.csv,12,0,uniform,-0.5,25,13,9.9994,2.5547,FALSE,elliptical,TRUE,0.99999,-148.837,-147.142,0.99971,-102.988,-101.293,1,-190.282,-188.022
arch_run12_0_g-0.5_k50.0.csv,12,0,uniform,-0.5,50,13,9.9993,1.9747,FALSE,elliptical,TRUE,1,-178.351,-176.657,0.99987,-119.826,-118.131,1,-219.735,-217.476
arch_run12_0_g-0.7_k10.0.csv,12,0,uniform,-0.7,10,13,9.9996,4.2927,FALSE,elliptical,TRUE,0.99982,-95.967,-94.272,0.999,-73.625,-71.93,0.99999,-138.53,-136.271
arch_run12_0_g-0.7_k25.0.csv,12,0,uniform,-0.7,25,13,9.9993,2.9121,FALSE,elliptical,TRUE,0.99998,-134.577,-132.882,0.99958,-94.955,-93.26,1,-176.131,-173.872
arch_run12_0_g-0.7_k50.0.csv,12,0,uniform,-0.7,50,13,9.9991,2.2339,FALSE,elliptical,TRUE,1,-163.985,-162.29,0.9998,-111.601,-109.906,1,-205.389,-203.129
arch_run12_1_g-0.1_k10.0.csv,12,1,central_point,-0.1,10,13,10,1.1599,TRUE,parabolic,FALSE,0.93074,-54.923,-53.228,0.93234,-55.228,-53.533,0.93233,-53.225,-50.965
arch_run12_1_g-0.1_k25.0.csv,12,1,central_point,-0.1,25,13,9.9999,0.8496,TRUE,parabolic,FALSE,0.93148,-63.157,-61.462,0.93235,-63.323,-61.628,0.93234,-61.321,-59.061
arch_run12_1_g-0.1_k50.0.csv,12,1,central_point,-0.1,50,13,9.9999,0.6726,TRUE,parabolic,FALSE,0.9318,-69.29,-67.595,0.93235,-69.395,-67.701,0.93234,-67.393,-65.133
arch_run12_1_g-0.3_k10.0.csv,12,1,central_point,-0.3,10,13,9.9999,1.6969,FALSE,parabolic,FALSE,0.92902,-44.712,-43.017,0.93235,-45.336,-43.642,0.93234,-43.335,-41.075
arch_run12_1_g-0.3_k25.0.csv,12,1,central_point,-0.3,25,13,9.9999,1.2348,TRUE,parabolic,FALSE,0.93054,-53.258,-51.564,0.93235,-53.602,-51.907,0.93234,-51.6,-49.34
arch_run12_1_g-0.3_k50.0.csv,12,1,central_point,-0.3,50,13,9.9998,0.9748,TRUE,parabolic,FALSE,0.9312,-59.531,-57.836,0.93235,-59.748,-58.053,0.93234,-57.746,-55.487
arch_run12_1_g-0.5_k10.0.csv,12,1,central_point,-0.5,10,13,9.9999,2.0344,FALSE,parabolic,FALSE,0.92767,-39.75,-38.055,0.93235,-40.619,-38.924,0.93233,-38.617,-36.357
arch_run12_1_g-0.5_k25.0.csv,12,1,central_point,-0.5,25,13,9.9998,1.4729,TRUE,parabolic,FALSE,0.9298,-48.538,-46.843,0.93235,-49.017,-47.323,0.93234,-47.015,-44.756
arch_run12_1_g-0.5_k50.0.csv,12,1,central_point,-0.5,50,13,9.9998,1.1602,TRUE,parabolic,FALSE,0.93074,-54.918,-53.223,0.93235,-55.223,-53.528,0.93234,-53.221,-50.961
arch_run12_1_g-0.7_k10.0.csv,12,1,central_point,-0.7,10,13,9.9998,2.2982,FALSE,parabolic,FALSE,0.9265,-36.371,-34.676,0.93235,-37.449,-35.754,0.93234,-35.448,-33.188
arch_run12_1_g-0.7_k25.0.csv,12,1,central_point,-0.7,25,13,9.9998,1.6564,FALSE,parabolic,FALSE,0.92917,-45.367,-43.672,0.93235,-45.965,-44.27,0.93234,-43.963,-41.703
arch_run12_1_g-0.7_k50.0.csv,12,1,central_point,-0.7,50,13,9.9997,1.3022,TRUE,parabolic,FALSE,0.93034,-51.84,-50.146,0.93235,-52.22,-50.526,0.93234,-50.218,-47.959
arch_run12_2_g-0.1_k10.0.csv,12,2,asymmetric,-0.1,10,13,9.9997,3.1985,FALSE,parabolic,FALSE,0.93928,-28.194,-26.499,0.94492,-29.461,-27.766,0.94492,-27.459,-25.2
arch_run12_2_g-0.1_k25.0.csv,12,2,asymmetric,-0.1,25,13,9.9996,2.2488,FALSE,parabolic,FALSE,0.94467,-38.513,-36.818,0.94782,-39.275,-37.58,0.94782,-37.273,-35.014
arch_run12_2_g-0.1_k50.0.csv,12,2,asymmetric,-0.1,50,13,9.9994,1.7516,FALSE,parabolic,FALSE,0.94754,-45.677,-43.982,0.94957,-46.188,-44.493,0.94956,-44.186,-41.927
arch_run12_2_g-0.3_k10.0.csv,12,2,asymmetric,-0.3,10,13,9.9997,3.1985,FALSE,parabolic,FALSE,0.93928,-28.194,-26.499,0.94492,-29.461,-27.766,0.94492,-27.459,-25.2
arch_run12_2_g-0.3_k25.0.csv,12,2,asymmetric,-0.3,25,13,9.9996,2.2488,FALSE,parabolic,FALSE,0.94467,-38.513,-36.818,0.94782,-39.275,-37.58,0.94782,-37.273,-35.014
arch_run12_2_g-0.3_k50.0.csv,12,2,asymmetric,-0.3,50,13,9.9994,1.7516,FALSE,parabolic,FALSE,0.94754,-45.677,-43.982,0.94957,-46.188,-44.493,0.94956,-44.186,-41.927
arch_run12_2_g-0.5_k10.0.csv,12,2,asymmetric,-0.5,10,13,9.9997,3.1985,FALSE,parabolic,FALSE,0.93928,-28.194,-26.499,0.94492,-29.461,-27.766,0.94492,-27.459,-25.2
arch_run12_2_g-0.5_k25.0.csv,12,2,asymmetric,-0.5,25,13,9.9996,2.2488,FALSE,parabolic,FALSE,0.94467,-38.513,-36.818,0.94782,-39.275,-37.58,0.94782,-37.273,-35.014
arch_run12_2_g-0.5_k50.0.csv,12,2,asymmetric,-0.5,50,13,9.9994,1.7516,FALSE,parabolic,FALSE,0.94754,-45.677,-43.982,0.94957,-46.188,-44.493,0.94956,-44.186,-41.927
arch_run12_2_g-0.7_k10.0.csv,12,2,asymmetric,-0.7,10,13,9.9997,3.1985,FALSE,parabolic,FALSE,0.93928,-28.194,-26.499,0.94492,-29.461,-27.766,0.94492,-27.459,-25.2
arch_run12_2_g-0.7_k25.0.csv,12,2,asymmetric,-0.7,25,13,9.9996,2.2488,FALSE,parabolic,FALSE,0.94467,-38.513,-36.818,0.94782,-39.275,-37.58,0.94782,-37.273,-35.014
arch_run12_2_g-0.7_k50.0.csv,12,2,asymmetric,-0.7,50,13,9.9994,1.7516,FALSE,parabolic,FALSE,0.94754,-45.677,-43.982,0.94957,-46.188,-44.493,0.94956,-44.186,-41.927
arch_run24_0_g-0.1_k10.0.csv,24,0,uniform,-0.1,10,25,9.9998,3.3588,FALSE,elliptical,TRUE,0.99996,-240.777,-237.12,0.99942,-175.648,-171.991,1,-318.197,-313.321
arch_run24_0_g-0.1_k25.0.csv,24,0,uniform,-0.1,25,25,9.9998,2.3433,FALSE,elliptical,TRUE,1,-315.88,-312.223,0.99978,-218.024,-214.367,1,-392.52,-387.644
arch_run24_0_g-0.1_k50.0.csv,24,0,uniform,-0.1,50,25,9.9997,1.8186,FALSE,elliptical,TRUE,1,-373.004,-369.347,0.9999,-250.866,-247.209,1,-449.54,-444.664
arch_run24_0_g-0.3_k10.0.csv,24,0,uniform,-0.3,10,25,9.9997,5.5578,FALSE,elliptical,TRUE,0.99943,-151.339,-147.682,0.99848,-126.75,-123.094,0.99998,-232.989,-228.113
arch_run24_0_g-0.3_k25.0.csv,24,0,uniform,-0.3,25,25,9.9995,3.627,FALSE,elliptical,TRUE,0.99993,-225.877,-222.22,0.9993,-167.37,-163.714,1,-303.651,-298.775
arch_run24_0_g-0.3_k50.0.csv,24,0,uniform,-0.3,50,25,9.9994,2.7358,FALSE,elliptical,TRUE,0.99999,-282.598,-278.941,0.99966,-199.099,-195.442,1,-359.398,-354.523
arch_run24_0_g-0.5_k10.0.csv,24,0,uniform,-0.5,10,25,9.9996,7.3365,FALSE,elliptical,TRUE,0.9983,-110.249,-106.592,0.9979,-104.999,-101.342,0.99995,-196.332,-191.457
arch_run24_0_g-0.5_k25.0.csv,24,0,uniform,-0.5,25,25,9.9994,4.5574,FALSE,elliptical,TRUE,0.99977,-184.235,-180.579,0.99889,-144.511,-140.854,0.99999,-263.654,-258.779
arch_run24_0_g-0.5_k50.0.csv,24,0,uniform,-0.5,50,25,9.9992,3.359,FALSE,elliptical,TRUE,0.99996,-240.769,-237.112,0.99942,-175.633,-171.976,1,-318.172,-313.296
arch_run24_0_g-0.7_k10.0.csv,24,0,uniform,-0.7,10,25,9.9996,8.9834,FALSE,elliptical,TRUE,0.99668,-83.553,-79.897,0.99755,-91.196,-87.54,0.99992,-173.787,-168.911
arch_run24_0_g-0.7_k25.0.csv,24,0,uniform,-0.7,25,25,9.9993,5.3666,FALSE,elliptical,TRUE,0.99951,-156.92,-153.263,0.99856,-129.741,-126.085,0.99998,-238.115,-233.239
arch_run24_0_g-0.7_k50.0.csv,24,0,uniform,-0.7,50,25,9.999,3.8774,FALSE,elliptical,TRUE,0.9999,-213.289,-209.633,0.99919,-160.412,-156.756,1,-291.44,-286.565
arch_run24_1_g-0.1_k10.0.csv,24,1,central_point,-0.1,10,25,10,1.4727,TRUE,parabolic,FALSE,0.93344,-102.388,-98.731,0.93603,-103.38,-99.724,0.93602,-101.377,-96.501
arch_run24_1_g-0.1_k25.0.csv,24,1,central_point,-0.1,25,25,10,1.0748,TRUE,parabolic,FALSE,0.93462,-118.583,-114.927,0.93603,-119.127,-115.471,0.93602,-117.124,-112.249
arch_run24_1_g-0.1_k50.0.csv,24,1,central_point,-0.1,50,25,9.9999,0.8496,TRUE,parabolic,FALSE,0.93514,-130.541,-126.885,0.93603,-130.886,-127.229,0.93602,-128.882,-124.007
arch_run24_1_g-0.3_k10.0.csv,24,1,central_point,-0.3,10,25,9.9999,2.1727,FALSE,parabolic,TRUE,0.93064,-81.915,-78.258,0.93603,-83.936,-80.28,0.93602,-81.932,-77.056
arch_run24_1_g-0.3_k25.0.csv,24,1,central_point,-0.3,25,25,9.9999,1.5693,FALSE,parabolic,FALSE,0.9331,-99.086,-95.429,0.93603,-100.204,-96.547,0.93602,-98.2,-93.325
arch_run24_1_g-0.3_k50.0.csv,24,1,central_point,-0.3,50,25,9.9999,1.2348,TRUE,parabolic,FALSE,0.93418,-111.48,-107.823,0.93603,-112.19,-108.534,0.93602,-110.187,-105.312
arch_run24_1_g-0.5_k10.0.csv,24,1,central_point,-0.5,10,25,9.9999,2.6223,FALSE,parabolic,TRUE,0.92846,-71.735,-68.079,0.93603,-74.531,-70.875,0.93602,-72.528,-67.653
arch_run24_1_g-0.5_k25.0.csv,24,1,central_point,-0.5,25,25,9.9999,1.8786,FALSE,parabolic,FALSE,0.93192,-89.652,-85.996,0.93603,-91.21,-87.553,0.93602,-89.206,-84.33
arch_run24_1_g-0.5_k50.0.csv,24,1,central_point,-0.5,50,25,9.9998,1.4729,TRUE,parabolic,FALSE,0.93344,-102.382,-98.725,0.93603,-103.375,-99.718,0.93602,-101.373,-96.497
arch_run24_1_g-0.7_k10.0.csv,24,1,central_point,-0.7,10,25,9.9999,2.9796,FALSE,parabolic,TRUE,0.92656,-64.693,-61.036,0.93603,-68.145,-64.489,0.93602,-66.142,-61.266
arch_run24_1_g-0.7_k25.0.csv,24,1,central_point,-0.7,25,25,9.9998,2.1192,FALSE,parabolic,FALSE,0.93088,-83.249,-79.592,0.93603,-85.183,-81.526,0.93602,-83.18,-78.304
arch_run24_1_g-0.7_k50.0.csv,24,1,central_point,-0.7,50,25,9.9998,1.6564,FALSE,parabolic,FALSE,0.93279,-96.267,-92.611,0.93603,-97.504,-93.847,0.93602,-95.5,-90.624
arch_run24_2_g-0.1_k10.0.csv,24,2,asymmetric,-0.1,10,25,9.9997,5.8891,FALSE,parabolic,TRUE,0.92427,-26.578,-22.922,0.93883,-31.915,-28.259,0.93882,-29.912,-25.037
arch_run24_2_g-0.1_k25.0.csv,24,2,asymmetric,-0.1,25,25,9.9995,3.8108,FALSE,parabolic,TRUE,0.93166,-50.739,-47.082,0.93947,-53.769,-50.113,0.93946,-51.767,-46.891
arch_run24_2_g-0.1_k50.0.csv,24,2,asymmetric,-0.1,50,25,9.9994,2.8662,FALSE,parabolic,TRUE,0.93684,-66.9,-63.244,0.94184,-68.961,-65.305,0.94183,-66.958,-62.082
arch_run24_2_g-0.3_k10.0.csv,24,2,asymmetric,-0.3,10,25,9.9997,5.8891,FALSE,parabolic,TRUE,0.92427,-26.578,-22.922,0.93883,-31.915,-28.259,0.93882,-29.912,-25.037
arch_run24_2_g-0.3_k25.0.csv,24,2,asymmetric,-0.3,25,25,9.9995,3.8108,FALSE,parabolic,TRUE,0.93166,-50.739,-47.082,0.93947,-53.769,-50.113,0.93946,-51.767,-46.891
arch_run24_2_g-0.3_k50.0.csv,24,2,asymmetric,-0.3,50,25,9.9994,2.8662,FALSE,parabolic,TRUE,0.93684,-66.9,-63.244,0.94184,-68.961,-65.305,0.94183,-66.958,-62.082
arch_run24_2_g-0.5_k10.0.csv,24,2,asymmetric,-0.5,10,25,9.9997,5.8891,FALSE,parabolic,TRUE,0.92427,-26.578,-22.922,0.93883,-31.915,-28.259,0.93882,-29.912,-25.037
arch_run24_2_g-0.5_k25.0.csv,24,2,asymmetric,-0.5,25,25,9.9995,3.8108,FALSE,parabolic,TRUE,0.93166,-50.739,-47.082,0.93947,-53.769,-50.113,0.93946,-51.767,-46.891
arch_run24_2_g-0.5_k50.0.csv,24,2,asymmetric,-0.5,50,25,9.9994,2.8662,FALSE,parabolic,TRUE,0.93684,-66.9,-63.244,0.94184,-68.961,-65.305,0.94183,-66.958,-62.082
arch_run24_2_g-0.7_k10.0.csv,24,2,asymmetric,-0.7,10,25,9.9997,5.8891,FALSE,parabolic,TRUE,0.92427,-26.578,-22.922,0.93883,-31.915,-28.259,0.93882,-29.912,-25.037
arch_run24_2_g-0.7_k25.0.csv,24,2,asymmetric,-0.7,25,25,9.9995,3.8108,FALSE,parabolic,TRUE,0.93166,-50.739,-47.082,0.93947,-53.769,-50.113,0.93946,-51.767,-46.891
arch_run24_2_g-0.7_k50.0.csv,24,2,asymmetric,-0.7,50,25,9.9994,2.8662,FALSE,parabolic,TRUE,0.93684,-66.9,-63.244,0.94184,-68.961,-65.305,0.94183,-66.958,-62.082
arch_run48_0_g-0.1_k10.0.csv,48,0,uniform,-0.1,10,49,9.9998,6.4682,FALSE,elliptical,TRUE,0.99898,-262.016,-256.34,0.99818,-233.766,-228.091,0.99997,-426.406,-418.839
arch_run48_0_g-0.1_k25.0.csv,48,0,uniform,-0.1,25,49,9.9997,4.1119,FALSE,elliptical,TRUE,0.99987,-408.224,-402.548,0.99912,-312.912,-307.237,0.99999,-562.613,-555.045
arch_run48_0_g-0.1_k50.0.csv,48,0,uniform,-0.1,50,49,9.9996,3.0644,FALSE,elliptical,TRUE,0.99998,-519.611,-513.935,0.99955,-374.918,-369.243,1,-671.365,-663.798
arch_run48_0_g-0.3_k10.0.csv,48,0,uniform,-0.3,10,49,9.9998,12.8705,FALSE,elliptical,TRUE,0.9915,-91.854,-86.179,0.99721,-146.523,-140.847,0.99984,-285.867,-278.3
arch_run48_0_g-0.3_k25.0.csv,48,0,uniform,-0.3,25,49,9.9996,7.1628,FALSE,elliptical,TRUE,0.9985,-233.219,-227.543,0.99797,-218.546,-212.87,0.99995,-400.965,-393.398
arch_run48_0_g-0.3_k50.0.csv,48,0,uniform,-0.3,50,49,9.9994,4.9697,FALSE,elliptical,TRUE,0.99967,-343.299,-337.624,0.99875,-277.411,-271.736,0.99999,-500.893,-493.326
arch_run48_0_g-0.5_k10.0.csv,48,0,uniform,-0.5,10,49,9.9997,18.856,FALSE,elliptical,TRUE,-1.00E-05,178.833,184.508,0.99729,-110.822,-105.147,0.99978,-232.735,-225.168
arch_run48_0_g-0.5_k25.0.csv,48,0,uniform,-0.5,25,49,9.9995,9.7758,FALSE,elliptical,TRUE,0.99585,-153.565,-147.889,0.99745,-177.322,-171.646,0.9999,-333.899,-326.332
arch_run48_0_g-0.5_k50.0.csv,48,0,uniform,-0.5,50,49,9.9992,6.4683,FALSE,elliptical,TRUE,0.99898,-262.007,-256.331,0.99818,-233.754,-228.078,0.99997,-426.386,-418.819
arch_run48_0_g-0.7_k10.0.csv,48,0,uniform,-0.7,10,49,9.9997,24.7366,FALSE,elliptical,TRUE,0,205.313,210.988,0.99756,-89.446,-83.77,0.99977,-202.327,-194.759
arch_run48_0_g-0.7_k25.0.csv,48,0,uniform,-0.7,25,49,9.9994,12.2601,FALSE,elliptical,TRUE,0.99243,-102.238,-96.562,0.99724,-151.618,-145.943,0.99985,-293.679,-286.112
arch_run48_0_g-0.7_k50.0.csv,48,0,uniform,-0.7,50,49,9.9991,7.836,FALSE,elliptical,TRUE,0.99793,-208.998,-203.323,0.9978,-205.861,-200.185,0.99994,-380.025,-372.457
arch_run48_1_g-0.1_k10.0.csv,48,1,central_point,-0.1,10,49,10,1.8785,FALSE,parabolic,TRUE,0.93298,-184.348,-178.673,0.93711,-187.468,-181.792,0.9371,-185.462,-177.895
arch_run48_1_g-0.1_k25.0.csv,48,1,central_point,-0.1,25,49,10,1.3632,TRUE,parabolic,FALSE,0.93487,-217.169,-211.494,0.93711,-218.888,-213.213,0.9371,-216.882,-209.314
arch_run48_1_g-0.1_k50.0.csv,48,1,central_point,-0.1,50,49,10,1.0748,TRUE,parabolic,FALSE,0.9357,-241.091,-235.415,0.93711,-242.181,-236.506,0.9371,-240.173,-232.606
arch_run48_1_g-0.3_k10.0.csv,48,1,central_point,-0.3,10,49,9.9999,2.809,FALSE,parabolic,TRUE,0.92851,-141.757,-136.081,0.93711,-148.035,-142.36,0.9371,-146.03,-138.463
arch_run48_1_g-0.3_k25.0.csv,48,1,central_point,-0.3,25,49,9.9999,2.0048,FALSE,parabolic,TRUE,0.93244,-177.579,-171.904,0.93711,-181.087,-175.412,0.9371,-179.081,-171.514
arch_run48_1_g-0.3_k50.0.csv,48,1,central_point,-0.3,50,49,9.9999,1.5693,FALSE,parabolic,TRUE,0.93417,-202.853,-197.177,0.93711,-205.093,-199.417,0.93711,-203.087,-195.52
arch_run48_1_g-0.5_k10.0.csv,48,1,central_point,-0.5,10,49,9.9999,3.4265,FALSE,parabolic,TRUE,0.92502,-119.945,-114.269,0.93711,-128.562,-122.886,0.9371,-126.553,-118.986
arch_run48_1_g-0.5_k25.0.csv,48,1,central_point,-0.5,25,49,9.9999,2.4137,FALSE,parabolic,TRUE,0.93055,-158.037,-152.362,0.93711,-162.899,-157.224,0.93711,-160.895,-153.327
arch_run48_1_g-0.5_k50.0.csv,48,1,central_point,-0.5,50,49,9.9999,1.8786,FALSE,parabolic,TRUE,0.93298,-184.343,-178.668,0.93711,-187.463,-181.787,0.9371,-185.458,-177.89
arch_run48_1_g-0.7_k10.0.csv,48,1,central_point,-0.7,10,49,9.9999,3.9296,FALSE,parabolic,TRUE,0.92197,-104.563,-98.888,0.93711,-115.134,-109.459,0.9371,-113.126,-105.559
arch_run48_1_g-0.7_k25.0.csv,48,1,central_point,-0.7,25,49,9.9999,2.7366,FALSE,parabolic,TRUE,0.9289,-144.582,-138.907,0.93711,-150.595,-144.919,0.9371,-148.589,-141.021
arch_run48_1_g-0.7_k50.0.csv,48,1,central_point,-0.7,50,49,9.9998,2.1192,FALSE,parabolic,TRUE,0.93194,-171.776,-166.1,0.93711,-175.649,-169.973,0.9371,-173.642,-166.075
arch_run48_2_g-0.1_k10.0.csv,48,2,asymmetric,-0.1,10,49,9.9997,13.6743,FALSE,parabolic,TRUE,0.90363,33.05,38.726,0.94471,5.826,11.501,0.9447,7.83,15.397
arch_run48_2_g-0.1_k25.0.csv,48,2,asymmetric,-0.1,25,49,9.9995,7.5387,FALSE,parabolic,TRUE,0.91754,-32.521,-26.845,0.93827,-46.707,-41.031,0.93826,-44.702,-37.135
arch_run48_2_g-0.1_k50.0.csv,48,2,asymmetric,-0.1,50,49,9.9993,5.1927,FALSE,parabolic,TRUE,0.92369,-72.497,-66.822,0.93623,-81.297,-75.621,0.93623,-79.292,-71.725
arch_run48_2_g-0.3_k10.0.csv,48,2,asymmetric,-0.3,10,49,9.9997,13.6743,FALSE,parabolic,TRUE,0.90363,33.05,38.726,0.94471,5.826,11.501,0.9447,7.83,15.397
arch_run48_2_g-0.3_k25.0.csv,48,2,asymmetric,-0.3,25,49,9.9995,7.5387,FALSE,parabolic,TRUE,0.91754,-32.521,-26.845,0.93827,-46.707,-41.031,0.93826,-44.702,-37.135
arch_run48_2_g-0.3_k50.0.csv,48,2,asymmetric,-0.3,50,49,9.9993,5.1927,FALSE,parabolic,TRUE,0.92369,-72.497,-66.822,0.93623,-81.297,-75.621,0.93623,-79.292,-71.725
arch_run48_2_g-0.5_k10.0.csv,48,2,asymmetric,-0.5,10,49,9.9997,13.6743,FALSE,parabolic,TRUE,0.90363,33.05,38.726,0.94471,5.826,11.501,0.9447,7.83,15.397
arch_run48_2_g-0.5_k25.0.csv,48,2,asymmetric,-0.5,25,49,9.9995,7.5387,FALSE,parabolic,TRUE,0.91754,-32.521,-26.845,0.93827,-46.707,-41.031,0.93826,-44.702,-37.135
arch_run48_2_g-0.5_k50.0.csv,48,2,asymmetric,-0.5,50,49,9.9993,5.1927,FALSE,parabolic,TRUE,0.92369,-72.497,-66.822,0.93623,-81.297,-75.621,0.93623,-79.292,-71.725
arch_run48_2_g-0.7_k10.0.csv,48,2,asymmetric,-0.7,10,49,9.9997,13.6743,FALSE,parabolic,TRUE,0.90363,33.05,38.726,0.94471,5.826,11.501,0.9447,7.83,15.397
arch_run48_2_g-0.7_k25.0.csv,48,2,asymmetric,-0.7,25,49,9.9995,7.5387,FALSE,parabolic,TRUE,0.91754,-32.521,-26.845,0.93827,-46.707,-41.031,0.93826,-44.702,-37.135
arch_run48_2_g-0.7_k50.0.csv,48,2,asymmetric,-0.7,50,49,9.9993,5.1927,FALSE,parabolic,TRUE,0.92369,-72.497,-66.822,0.93623,-81.297,-75.621,0.93623,-79.292,-71.725
